Sno,Juz,SurahNo,SurahName,AyahNo,verse,lb1,lb2,lb3,lb4,lb5,lb6,target
2,1,2,Al-Baqara,2,"This is the Book in it is guidance sure, without doubt, to those who fear Allah.",doubt,fear,,,,,"['doubt','fear']"
3,1,2,Al-Baqara,3,"Who believe in the Unseen, are steadfast in prayer, and spend out of what We have provided for them.",believe,unseen,prayer,,,,"['believe','unseen','prayer']"
4,1,2,Al-Baqara,4,"And who believe in the Revelation sent to thee, and sent before thy time, and (in their hearts) have the assurance of the Hereafter.",revelation,hereafter,,,,,"['revelation','hereafter']"
5,1,2,Al-Baqara,5,"They are on (true) guidance, from their Lord, and it is these who will prosper.",prosper, guidance,,,,,"['prosper',' guidance']"
6,1,2,Al-Baqara,6,"As to those who reject Faith, it is the same to them whether thou warn them or do not warn them; they will not believe.",faith,believe,,,,,"['faith','believe']"
7,1,2,Al-Baqara,7,"Allah hath set a seal on their hearts and on their hearing, and on their eyes is a veil; great is the penalty they (incur).",Allah seal, veil,,,,,"['Allah seal',' veil']"
8,1,2,Al-Baqara,8,Of the people there are some who say We believe in Allah and the Last Day;   but they do not (really) believe.,believe,hereafter,,,,,"['believe','hereafter']"
9,1,2,Al-Baqara,9,"Fain would they deceive Allah and those who believe, but they only deceive themselves, and realise (it) not",deceive,believe,,,,,"['deceive','believe']"
10,1,2,Al-Baqara,10,"In their hearts is a disease  and Allah has increased their disease And grievous is the penalty they (incur), because they are false (to themselves).",disease,grievous,,,,,"['disease','grievous']"
11,1,2,Al-Baqara,11,"When it is said to them Make not mischief on the earth, they say Why, we only Want to make peace",mischief,earth,,,,,"['mischief','earth']"
12,1,2,Al-Baqara,12,"Of a surety, they are the ones who make mischief, but they realise (it) not.",realise, mischief,,,,,"['realise',' mischief']"
13,1,2,Al-Baqara,13,"When it is said to them Believe as the others believe  They say Shall we believe as the fools believe Nay, of a surety they are the fools, but they do not know.",believe, fools,,,,,"['believe',' fools']"
14,1,2,Al-Baqara,14,"When they meet those who believe, they say We believe  but when they are alone with their evil ones, they say We are really with you  We (were) only jesting. ",believe,evil, hypocrite,,,,"['believe','evil',' hypocrite']"
15,1,2,Al-Baqara,15,"Allah mocks at them, and prolongs them in their transgression (while) they wander blindly.",prolong, transgression, wander, blindly,,,"['prolong',' transgression',' wander',' blindly']"
16,1,2,Al-Baqara,16,"These are they who have bartered Guidance for error  But their traffic is profitless, and they have lost true direction,",bartere,guidence,error,,,,"['bartere','guidence','error']"
17,1,2,Al-Baqara,17,"Their similitude is that of a man who kindled a fire; when it lighted all around him, Allah took away their light and left them in utter darkness. So they could not see.",example, kindle fire,,,,,"['example',' kindle fire']"
18,1,2,Al-Baqara,18,"Deaf, dumb, and blind, they will not return (to the path).",deaf,dumb,blind,,,,"['deaf','dumb','blind']"
19,1,2,Al-Baqara,19,"Or (another similitude) is that of a rain-laden cloud from the sky  In it are zones of darkness, and thunder and lightning  They press their fingers in their ears to keep out the stunning thunder-clap, the while they are in terror of death. But Allah is ever round the rejecters of Faith ",rain ,thunder,terror,death,,,"['rain ','thunder','terror','death']"
20,1,2,Al-Baqara,20,"The lightning all but snatches away their sight  every time the light (Helps) them, they walk therein, and when the darkness grows on them, they stand still. And if Allah willed, He could take away their faculty of hearing and seeing; for Allah hath power over all things.",snach,light,Allah hath power,,,,"['snach','light','Allah hath power']"
21,1,2,Al-Baqara,21,"O ye people  Adore your Guardian-Lord, who created you and those who came before you, that ye may have the chance to learn righteousness.",adore, righteousness,,,,,"['adore',' righteousness']"
22,1,2,Al-Baqara,22,"Who has made the earth your resting place, and the heavens your canopy and sent down rain from the heavens; and brought forth therewith Fruits for your sustenance; then set not up rivals unto Allah when ye know (the truth).",earth, resting place,sky,canopy, rivals,,"['earth',' resting place','sky','canopy',' rivals']"
23,1,2,Al-Baqara,23,"And if ye are in doubt as to what We have revealed from time to time to Our servant, then produce a Sura like thereunto  and call your witnesses or helpers (If there are any) besides Allah, if your (doubts) are true.",doubt,produce a Sura,,,,,"['doubt','produce a Sura']"
24,1,2,Al-Baqara,24,"But if ye cannot and of a surety ye cannot- then fear the Fire whose fuel is men and stones,- which is prepared for those who reject Faith.",fear,fire,fuel,men ,stone, reject faith,"['fear','fire','fuel','men ','stone',' reject faith']"
25,1,2,Al-Baqara,25,"But give glad tidings to those who believe and work righteousness, that their portion is Gardens, beneath which rivers flow. Every time they are fed with fruits therefrom, they say    Why, this is what we were fed with before,   for they are given things in similitude; and they have therein companions pure (and holy); and they abide therein (for ever).",glade,believe,garden,,,,"['glade','believe','garden']"
26,1,2,Al-Baqara,26,"Allah disdains not to use the similitude of things, lowest as well as highest. Those who believe know that it is truth from their Lord; but those who reject Faith say    What means Allah by this similitude?   By it He causes many to stray, and many He leads into the right path; but He causes not to stray, except those who forsake (the path),-",disbelieve,stray,similitude,,,,"['disbelieve','stray','similitude']"
27,1,2,Al-Baqara,27,"Those who break Allah's Covenant after it is ratified, and who sunder what Allah Has ordered to be joined, and do mischief on earth  These cause loss (only) to themselves.",covenant,order,mischief ,,,,"['covenant','order','mischief ']"
28,1,2,Al-Baqara,28,"How can ye reject the faith in Allah? seeing that ye were without life, and He gave you life; then will He cause you to die, and will again bring you to life  and again to Him will ye return.",faith,life,death,,,,"['faith','life','death']"
29,1,2,Al-Baqara,29,"It is He Who hath created for you all things that are on earth  Moreover His design comprehended the heavens, for He gave order and perfection to the seven firmaments; and of all things He hath perfect knowledge.",creator ,perfection,heaven,perfect knowledge,,,"['creator ','perfection','heaven','perfect knowledge']"
30,1,2,Al-Baqara,30,"Behold, thy Lord said to the angels I will create a vicegerent on earth. They said    Wilt Thou place therein one who will make mischief therein and shed blood?- whilst we do celebrate Thy praises and glorify Thy holy (name)? He said I know what ye know not.",shed blood, praises, glorify, scnctify,angels,,"['shed blood',' praises',' glorify',' scnctify','angels']"
31,1,2,Al-Baqara,31,"And He taught Adam the names of all things  then He placed them before the angels, and said Tell me the names of these if ye are right.",taught adam,name,angels,,,,"['taught adam','name','angels']"
32,1,2,Al-Baqara,32,"They said Glory to Thee, of knowledge We have none, save what Thou Hast taught us  In truth it is Thou Who art perfect in knowledge and wisdom.", knowledge ,wisdom,,,,,"[' knowledge ','wisdom']"
33,1,2,Al-Baqara,33,"He said O Adam Tell them their names. When he had told them, Allah said Did I not tell you that I know the secrets of heaven and earth, and I know what ye reveal and what ye conceal?",Adam, heaven,,,,,"['Adam',' heaven']"
34,1,2,Al-Baqara,34,"And behold, We said to the angels  Bow down to Adam and they bowed down. Not so Iblis  he refused and was haughty  He was of those who reject Faith.",bow down, Adam,devil,,,,"['bow down',' Adam','devil']"
35,1,2,Al-Baqara,35,"And said, “O Adam! Dwell you and your wife in Paradise, and eat freely from wherever you wish, but do not approach this tree, lest you be among the wrongdoers.",paradise,Adam,prohibited tree,,,,"['paradise','Adam','prohibited tree']"
36,1,2,Al-Baqara,36,"Then did Satan make them slip from the (garden), and get them out of the state (of felicity) in which they had been. We said    Get ye down, all (ye people), with enmity between yourselves. On earth will be your dwelling-place and your means of livelihood - for a time.  ",devil,slip paradise,,,,,"['devil','slip paradise']"
37,1,2,Al-Baqara,37,"Then learnt Adam from his Lord words of inspiration, and his Lord Turned towards him; for He is Oft-Returning, Most Merciful.",inspiration,learnt,words,merciful ,,,"['inspiration','learnt','words','merciful ']"
38,1,2,Al-Baqara,38,"We said    Get ye down all from here  and if, as is sure, there comes to you Guidance from me, whosoever follows My guidance, on them shall be no fear, nor shall they grieve.", guidance,fear,grief,,,,"[' guidance','fear','grief']"
39,1,2,Al-Baqara,39,"  But those who reject Faith and belie Our Signs, they shall be companions of the Fire; they shall abide therein.  ",companion,fire,,,,,"['companion','fire']"
40,1,2,Al-Baqara,40,"O Children of Israel  call to mind the (special) favour which I bestowed upon you, and fulfil your covenant with Me as I fulfil My Covenant with you, and fear none but Me.",israel,fear,convenant,,,,"['israel','fear','convenant']"
41,1,2,Al-Baqara,41,"And believe in what I reveal, confirming the revelation which is with you, and be not the first to reject Faith therein, nor sell My Signs for a small price; and fear Me, and Me alone.",reveal,reject faith,sell sign,,,,"['reveal','reject faith','sell sign']"
42,1,2,Al-Baqara,42,"And cover not Truth with falsehood, nor conceal the Truth when ye know (what it is).",truth,false hood,,,,,"['truth','false hood']"
43,1,2,Al-Baqara,43,And be steadfast in prayer practise regular charity and bow down your heads with those who bow down (in worship).,prayer,zakah,,,,,"['prayer','zakah']"
44,1,2,Al-Baqara,44,"Do ye enjoin right conduct on the people, and forget (To practise it) yourselves, and yet ye study the Scripture? Will ye not understand?",conduct,practice,,,,,"['conduct','practice']"
45,1,2,Al-Baqara,45,"Nay, seek (Allah's) help with patient perseverance and prayer  It is indeed hard, except to those who bring a lowly spirit",patient,prayer,ethics,,,,"['patient','prayer','ethics']"
46,1,2,Al-Baqara,46,"Who bear in mind the certainty that they are to meet their Lord, and that they are to return to Him.",meet, lord,,,,,"['meet',' lord']"
47,1,2,Al-Baqara,47,"Children of Israel  call to mind the (special) favour which I bestowed upon you, and that I preferred you to all other (for My Message).",Israel,favour,,,,,"['Israel','favour']"
48,1,2,Al-Baqara,48,"Then guard yourselves against a day when one soul shall not avail another nor shall intercession be accepted for her, nor shall compensation be taken from her, nor shall anyone be helped (from outside).",day of judgement,,,,,,['day of judgement']
49,1,2,Al-Baqara,49,"And remember, We delivered you from the people of Pharaoh  They set you hard tasks and punishments, slaughtered your sons and let your women-folk live; therein was a tremendous trial from your Lord.",Pharaoh, slaughter,son,,,,"['Pharaoh',' slaughter','son']"
50,1,2,Al-Baqara,50,And remember We divided the sea for you and saved you and drowned Pharaoh's people within your very sight.,divide sea,drown,Pharaoh,,,,"['divide sea','drown','Pharaoh']"
51,1,2,Al-Baqara,51,"And remember We appointed forty nights for Moses, and in his absence ye took the calf (for worship), and ye did grievous wrong.",worship calf,moses,,,,,"['worship calf','moses']"
52,1,2,Al-Baqara,52,Even then We did forgive you; there was a chance for you to be grateful.,forgive,grateful,,,,,"['forgive','grateful']"
53,1,2,Al-Baqara,53,And remember We gave Moses the Scripture and the Criterion (Between right and wrong)  There was a chance for you to be guided aright.,Moses,right,wrong,,,,"['Moses','right','wrong']"
54,1,2,Al-Baqara,54,"And remember Moses said to his people    O my people  Ye have indeed wronged yourselves by your worship of the calf  So turn (in repentance) to your Creator, and slay yourselves (the wrong-doers); that will be better for you in the sight of your Maker.   Then He turned towards you (in forgiveness)  For He is Oft-Returning, Most Merciful.",Moses,worship calf,slay,merciful,,,"['Moses','worship calf','slay','merciful']"
55,1,2,Al-Baqara,55,"And remember ye said    O Moses  We shall never believe in thee until we see Allah manifestly,   but ye were dazed with thunder and lighting even as ye looked on.",believe Allah,,thunder,,,,['believe Allah']
56,1,2,Al-Baqara,56,Then We raised you up after your death  Ye had the chance to be grateful.,raise up,death ,greatful,,,,"['raise up','death ','greatful']"
57,1,2,Al-Baqara,57,"And We gave you the shade of clouds and sent down to you Manna and quails, saying    Eat of the good things We have provided for you    (But they rebelled); to us they did no harm, but they harmed their own souls.",cloud, manna ,quils,,,,"['cloud',' manna ','quils']"
58,1,2,Al-Baqara,58,"And remember We said    Enter this town, and eat of the plenty therein abundantly but enter the gate with humility, in posture and in words, and We shall forgive you your faults and increase (the portion of) those who do good.  ",humility,forgive,,,,,"['humility','forgive']"
59,1,2,Al-Baqara,59,"But the transgressors changed the word from that which had been given them; so We sent on the transgressors a punishment from sky, for that they infringed (Our command) repeatedly.",transgressor,punishment,,,,,"['transgressor','punishment']"
60,1,2,Al-Baqara,60,"And remember Moses prayed for water for his people; We said    Strike the rock with thy staff.   Then gushed forth therefrom twelve springs. Each group knew its own place for water. So eat and drink of the sustenance provided by Allah, and do not act wickedly on the earth spreading corruption.",gushe, drinking place ,wickedly,,,,"['gushe',' drinking place ','wickedly']"
61,1,2,Al-Baqara,61,"And remember ye said    O Moses  we cannot endure one kind of food (always); so beseech thy Lord for us to produce for us of what the earth groweth, -its pot-herbs, and cucumbers, Its garlic, lentils, and onions.   He said    Will ye exchange the better for the worse? Go ye down to any town, and ye shall find what ye want    They were covered with humiliation and misery; they drew on themselves the wrath of Allah. This because they went on rejecting the Signs of Allah and slaying His Messengers without just cause. This because they rebelled and went on transgressing.",garlic,humiliation,misery,drew,themselves, warth,"['garlic','humiliation','misery','drew','themselves',' warth']"
62,1,2,Al-Baqara,62,"Those who believe (in the Qur'an), and those who follow the Jewish (scriptures), and the Christians and the Sabians,- any who believe in Allah and the Last Day, and work righteousness, shall have their reward with their Lord; on them shall be no fear, nor shall they grieve.",jews,sabians,believe,last day,,,"['jews','sabians','believe','last day']"
63,1,2,Al-Baqara,63,And remember We took your covenant and We raised above you (The towering height) of Mount (Sinai)  (Saying)    Hold firmly to what We have given you and bring (ever) to remembrance what is therein  Perchance ye may fear Allah.  ,fear,Allah,hold firmly,,,,"['fear','Allah','hold firmly']"
64,1,2,Al-Baqara,64,"But ye turned back thereafter  Had it not been for the Grace and Mercy of Allah to you, ye had surely been among the lost.",grace,mercy,,,,,"['grace','mercy']"
65,1,2,Al-Baqara,65,"And well ye knew those amongst you who transgressed in the matter of the Sabbath  We said to them    Be ye apes, despised and rejected.  ",subbath,transgress,,,,,"['subbath','transgress']"
66,1,2,Al-Baqara,66,"So We made it deterrent punishment to their own time and to their posterity, and a lesson to those who fear Allah.",deterrent,punishment,lesson,,,,"['deterrent','punishment','lesson']"
67,1,2,Al-Baqara,67,And remember Moses said to his people    Allah commands that ye sacrifice a heifer.   They said    Makest thou a laughing-stock of us?   He said    Allah save me from being an ignorant (fool)   ,Moses,heifer,sacrify,,,,"['Moses','heifer','sacrify']"
68,1,2,Al-Baqara,68,"They said    Beseech on our behalf Thy Lord to make plain to us what (heifer) it is    He said;   He says  The heifer should be neither too old nor too young, but of middling age. Now do what ye are commanded   ",old,young,middle age,order,,,"['old','young','middle age','order']"
69,1,2,Al-Baqara,69,"They said    Beseech on our behalf Thy Lord to make plain to us Her colour.   He said    He says  A fawn-coloured heifer, pure and rich in tone, the admiration of beholders   ",color,pure,rich in tone,,,,"['color','pure','rich in tone']"
70,1,2,Al-Baqara,70,"They said    Beseech on our behalf Thy Lord to make plain to us what she is  To us are all heifers alike  We wish indeed for guidance, if Allah wills.  ",heifers,guidence,,,,,"['heifers','guidence']"
71,1,2,Al-Baqara,71,"He said    He says  A heifer not trained to till the soil or water the fields; sound and without blemish.   They said    Now hast thou brought the truth.   Then they offered her in sacrifice, but not with good-will.", trained,plough , field, sound blemish,,,"[' trained','plough ',' field',' sound blemish']"
72,1,2,Al-Baqara,72,Remember ye slew a man and fell into a dispute among yourselves as to the crime  But Allah was to bring forth what ye did hide., dispute,slew,,,,,"[' dispute','slew']"
73,1,2,Al-Baqara,73,So We said    Strike the (body) with a piece of the (heifer).   Thus Allah bringeth the dead to life and showeth you His Signs  Perchance ye may understand.,hifer piece,dead ,life,,,,"['hifer piece','dead ','life']"
74,1,2,Al-Baqara,74,Thenceforth were your hearts hardened  They became like a rock and even worse in hardness. For among rocks there are some from which rivers gush forth; others there are which when split asunder send forth water; and others which sink for fear of Allah. And Allah is not unmindful of what ye do., heart harden,,,,,,[' heart harden']
75,1,2,Al-Baqara,75,"Can ye (o ye men of Faith) entertain the hope that they will believe in you?- Seeing that a party of them heard the Word of Allah, and perverted it knowingly after they understood it.",hope,believe,,,,,"['hope','believe']"
76,1,2,Al-Baqara,76,"Behold  when they meet the men of Faith, they say    We believe    But when they meet each other in private, they say    Shall you tell them what Allah hath revealed to you, that they may engage you in argument about it before your Lord?  - Do ye not understand (their aim)?",meet , private,faith, Allah ,halth reveale,,"['meet ',' private','faith',' Allah ','halth reveale']"
77,1,2,Al-Baqara,77,Know they not that Allah knoweth what they conceal and what they reveal?,conceal ,reveal,,,,,"['conceal ','reveal']"
78,1,2,Al-Baqara,78,"And there are among them illiterates, who know not the Book, but (see therein their own) desires, and they do nothing but conjecture.",illiterate, conjecture,,,,,"['illiterate',' conjecture']"
79,1,2,Al-Baqara,79,"Then woe to those who write the Book with their own hands, and then say   This is from Allah,   to traffic with it for miserable price - Woe to them for what their hands do write, and for the gain they make thereby.", woe,write book,,,,,"[' woe','write book']"
80,1,2,Al-Baqara,80,"And they say    The Fire shall not touch us but for a few numbered days    Say    Have ye taken a promise from Allah, for He never breaks His promise? or is it that ye say of Allah what ye do not know?  ",fire,promise,Allah,,,,"['fire','promise','Allah']"
81,1,2,Al-Baqara,81,"Nay, those who seek gain in evil, and are girt round by their sins,- they are companions of the Fire  Therein shall they abide (For ever).",girt round,evil,fire,,,,"['girt round','evil','fire']"
82,1,2,Al-Baqara,82,"But those who have faith and work righteousness, they are companions of the Garden  Therein shall they abide (For ever).",companioin,garden,faith,,,,"['companioin','garden','faith']"
83,1,2,Al-Baqara,83,"And remember We took a covenant from the Children of Israel (to this effect)  Worship none but Allah; treat with kindness your parents and kindred, and orphans and those in need; speak fair to the people; be steadfast in prayer; and practise regular charity. Then did ye turn back, except a few among you, and ye backslide (even now).",worship Allah,kindness,parents,kinder,orphan,,"['worship Allah','kindness','parents','kinder','orphan']"
84,1,2,Al-Baqara,84,"And remember We took your covenant (to this effect)  Shed no blood amongst you, nor turn out your own people from your homes  and this ye solemnly ratified, and to this ye can bear witness.",shed  blood,turn out,homes,,,,"['shed  blood','turn out','homes']"
85,1,2,Al-Baqara,85,"After this it is ye, the same people, who slay among yourselves, and banish a party of you from their homes; assist (Their enemies) against them, in guilt and rancour; and if they come to you as captives, ye ransom them, though it was not lawful for you to banish them. Then is it only a part of the Book that ye believe in, and do ye reject the rest? but what is the reward for those among you who behave like this but disgrace in this life?- and on the Day of Judgment they shall be consigned to the most grievous penalty. For Allah is not unmindful of what ye do.",slay,Day of Judgment,ransom,penalty,,,"['slay','Day of Judgment','ransom','penalty']"
86,1,2,Al-Baqara,86,These are the people who buy the life of this world at the price of the Hereafter  their penalty shall not be lightened nor shall they be helped.,buy,life,hereafter,,,,"['buy','life','hereafter']"
87,1,2,Al-Baqara,87,"We gave Moses the Book and followed him up with a succession of messengers; We gave Jesus the son of Mary Clear (Signs) and strengthened him with the holy spirit. Is it that whenever there comes to you a messenger with what ye yourselves desire not, ye are puffed up with pride?- Some ye called impostors, and others ye slay ",Moses,book,Jesus,holy spirit,messenger,slay,"['Moses','book','Jesus','holy spirit','messenger','slay']"
88,1,2,Al-Baqara,88,"They say,   Our hearts are the wrappings (which preserve Allah's Word  we need no more).   Nay, Allah's curse is on them for their blasphemy  Little is it they believe.",heart,wrapp,curse,,,,"['heart','wrapp','curse']"
89,1,2,Al-Baqara,89,"And when there comes to them a Book from Allah, confirming what is with them,- although from of old they had prayed for victory against those without Faith,- when there comes to them that which they (should) have recognised, they refuse to believe in it but the curse of Allah is on those without Faith.",book,Allah,victory ,faith,believe,,"['book','Allah','victory ','faith','believe']"
90,1,2,Al-Baqara,90,"Miserable is the price for which they have sold their souls, in that they deny (the revelation) which Allah has sent down, in insolent envy that Allah of His Grace should send it to any of His servants He pleases  Thus have they drawn on themselves Wrath upon Wrath. And humiliating is the punishment of those who reject Faith.", sold ,insolent ,drawn wrath,,,,"[' sold ','insolent ','drawn wrath']"
91,1,2,Al-Baqara,91,"When it is said to them,   Believe in what Allah Hath sent down,   they say,   We believe in what was sent down to us    yet they reject all besides, even if it be Truth confirming what is with them. Say    Why then have ye slain the prophets of Allah in times gone by, if ye did indeed believe?  ",believe,prophet,,,,,"['believe','prophet']"
92,1,2,Al-Baqara,92,"There came to you Moses with clear (Signs); yet ye worshipped the calf (Even) after that, and ye did behave wrongfully.",Moses,worship,calf,,,,"['Moses','worship','calf']"
93,1,2,Al-Baqara,93,"And remember We took your covenant and We raised above you (the towering height) of Mount (Sinai)  (Saying)    Hold firmly to what We have given you, and hearken (to the Law)    They said    We hear, and we disobey    And they had to drink into their hearts (of the taint) of the calf because of their Faithlessness. Say    Vile indeed are the behests of your Faith if ye have any faith   ",covenant,hold firmly,sinai,disobey,faithlessness,,"['covenant','hold firmly','sinai','disobey','faithlessness']"
94,1,2,Al-Baqara,94,"Say    If the last Home, with Allah, be for you specially, and not for anyone else, then seek ye for death, if ye are sincere.  ",last home,seek death,,,,,"['last home','seek death']"
95,1,2,Al-Baqara,95,"But they will never seek for death, on account of the (sins) which their hands have sent on before them. and Allah is well-acquainted with the wrong-doers.",Allah, well-acquainted,wrong doers,,,,"['Allah',' well-acquainted','wrong doers']"
96,1,2,Al-Baqara,96,"Thou wilt indeed find them, of all people, most greedy of life,-even more than the idolaters  Each one of them wishes He could be given a life of a thousand years  But the grant of such life will not save him from (due) punishment. For Allah sees well all that they do.", long life,punishment,,,,,"[' long life','punishment']"
97,1,2,Al-Baqara,97,"Say  Whoever is an enemy to Gabriel-for he brings down the (revelation) to thy heart by Allah's will, a confirmation of what went before, and guidance and glad tidings for those who believe,-",enemy of Gabriel,,brings down,revelation,,,['enemy of Gabriel']
98,1,2,Al-Baqara,98,"Whoever is an enemy to Allah and His angels and messengers, to Gabriel and Michael,- Lo  Allah is an enemy to those who reject Faith.",enemy, Allah,messenger,angel,,,"['enemy',' Allah','messenger','angel']"
99,1,2,Al-Baqara,99,We have sent down to thee Manifest Signs (ayat); and none reject them but those who are perverse.,manifest sign,perverse,,,,,"['manifest sign','perverse']"
100,1,2,Al-Baqara,100,"Is it not (the case) that every time they make a covenant, some party among them throw it aside?- Nay, Most of them are faithless.",covenant,threw aside,,,,,"['covenant','threw aside']"
101,1,2,Al-Baqara,101,"And when there came to them a messenger from Allah, confirming what was with them, a party of the people of the Book threw away the Book of Allah behind their backs, as if (it had been something) they did not know ",messenger,confirming books,,,,,"['messenger','confirming books']"
102,1,2,Al-Baqara,102,"They followed what the evil ones gave out (falsely) against the power of Solomon  the blasphemers Were, not Solomon, but the evil ones, teaching men Magic, and such things as came down at babylon to the angels Harut and Marut. But neither of these taught anyone (Such things) without saying    We are only for trial; so do not blaspheme.   They learned from them the means to sow discord between man and wife. But they could not thus harm anyone except by Allah's permission. And they learned what harmed them, not what profited them. And they knew that the buyers of (magic) would have no share in the happiness of the Hereafter. And vile was the price for which they did sell their souls, if they but knew ",recited,trail ,share ,sold,,,"['recited','trail ','share ','sold']"
103,1,2,Al-Baqara,103,"If they had kept their Faith and guarded themselves from evil, far better had been the reward from their Lord, if they but knew ", guarded,evil,reward,,,,"[' guarded','evil','reward']"
104,1,2,Al-Baqara,104,"O ye of Faith  Say not (to the Messenger) words of ambiguous import, but words of respect; and hearken (to him)  To those without Faith is a grievous punishment.",raina,unzurna,ambiguous words,,,,"['raina','unzurna','ambiguous words']"
105,1,2,Al-Baqara,105,"It is never the wish of those without Faith among the People of the Book, nor of the Pagans, that anything good should come down to you from your Lord. But Allah will choose for His special Mercy whom He will - for Allah is Lord of grace abounding.",faith,people,,,,,"['faith','people']"
106,1,2,Al-Baqara,106,"None of Our revelations do We abrogate or cause to be forgotten, but We substitute something better or similar  Knowest thou not that Allah Hath power over all things?",abrogate, forgotten,Allah hath power,,,,"['abrogate',' forgotten','Allah hath power']"
107,1,2,Al-Baqara,107,Knowest thou not that to Allah belongeth the dominion of the heavens and the earth? And besides Him ye have neither patron nor helper.,Allah is king,patron,,,,,"['Allah is king','patron']"
108,1,2,Al-Baqara,108,"Would ye question your Messenger as Moses was questioned of old? but whoever changeth from Faith to Unbelief, Hath strayed without doubt from the even way.",strayed,question,,,,,"['strayed','question']"
109,1,2,Al-Baqara,109,"Quite a number of the People of the Book wish they could Turn you (people) back to infidelity after ye have believed, from selfish envy, after the Truth hath become Manifest unto them  But forgive and overlook, Till Allah accomplish His purpose; for Allah Hath power over all things.",turn back,Allah hath power,,,,,"['turn back','Allah hath power']"
110,1,2,Al-Baqara,110,"And be steadfast in prayer and regular in charity  And whatever good ye send forth for your souls before you, ye shall find it with Allah  for Allah sees Well all that ye do.",prayer,charity,,,,,"['prayer','charity']"
111,1,2,Al-Baqara,111,And they say    None shall enter Paradise unless he be a Jew or a Christian.   Those are their (vain) desires. Say    Produce your proof if ye are truthful.  ,paradise,proof,,,,,"['paradise','proof']"
112,1,2,Al-Baqara,112,"Nay whoever submits His whole self to Allah and is a doer of good,  He will get his reward with his Lord on such shall be no fear, nor shall they grieve.",doer of good,no fear,grieve,,,,"['doer of good','no fear','grieve']"
113,1,2,Al-Baqara,113,The Jews say    The Christians have naught (to stand) upon and the Christians say    The Jews have naught (To stand) upon.   Yet they (Profess to) study the (same) Book. Like unto their word is what those say who know not; but Allah will judge between them in their quarrel on the Day of Judgment.,Jews,Christians,blame,Allah,judge,,"['Jews','Christians','blame','Allah','judge']"
114,1,2,Al-Baqara,114,"And who is more unjust than he who forbids that in places for the worship of Allah, Allah's name should be celebrated? whose zeal is (in fact) to ruin them? It was not fitting that such should themselves enter them except in fear. For them there is nothing but disgrace in this world, and in the world to come, an exceeding torment.",cruel,forbid worship,disgrace,,,,"['cruel','forbid worship','disgrace']"
115,1,2,Al-Baqara,115,"To Allah belong the east and the West  Whithersoever ye turn, there is the presence of Allah. For Allah is all-Pervading, all-Knowing.", Allah,pervading,every where,,,,"[' Allah','pervading','every where']"
116,1,2,Al-Baqara,116,"They say  Allah hath begotten a son  Glory be to Him.Nay, to Him belongs all that is in the heavens and on earth  everything renders worship to Him.",son of GOD,every thing ,God,,,,"['son of GOD','every thing ','God']"
117,1,2,Al-Baqara,117,"To Him is due the primal origin of the heavens and the earth  When He decrees a matter, He saith to it    Be,   and it is.",originator,create automatically,,,,,"['originator','create automatically']"
118,1,2,Al-Baqara,118,Say those without knowledge    Why speaketh not Allah unto us? or why cometh not unto us a Sign?   So said the people before them words of similar import. Their hearts are alike. We have indeed made clear the Signs unto any people who hold firmly to Faith (in their hearts).,speak,hold firmly,Faith,,,,"['speak','hold firmly','Faith']"
119,1,2,Al-Baqara,119,Verily We have sent thee in truth as a bearer of glad tidings and a warner  But of thee no question shall be asked of the Companions of the Blazing Fire.,glade tiding,warner,question,fire,,,"['glade tiding','warner','question','fire']"
120,1,2,Al-Baqara,120,"Never will the Jews or the Christians be satisfied with thee unless thou follow their form of religion. Say    The Guidance of Allah,-that is the (only) Guidance.   Wert thou to follow their desires after the knowledge which hath reached thee, then wouldst thou find neither Protector nor helper against Allah.",Christians,Jews,unhappy,religion ,guidence,,"['Christians','Jews','unhappy','religion ','guidence']"
121,1,2,Al-Baqara,121,"Those to whom We have sent the Book study it as it should be studied  They are the ones that believe therein  Those who reject faith therein,- the loss is their own.",book,believe,faith,lose,,,"['book','believe','faith','lose']"
122,1,2,Al-Baqara,122,"O Children of Israel  call to mind the special favour which I bestowed upon you, and that I preferred you to all others (for My Message).",children,israel,favour,preffere,,,"['children','israel','favour','preffere']"
123,1,2,Al-Baqara,123,"Then guard yourselves against a Day when one soul shall not avail another, nor shall compensation be accepted from her nor shall intercession profit her nor shall anyone be helped (from outside).", compansation,Day of Judgment,,,,,"[' compansation','Day of Judgment']"
124,1,2,Al-Baqara,124,"And remember that Abraham was tried by his Lord with certain commands, which he fulfilled  He said    I will make thee an Imam to the Nations.   He pleaded    And also (Imams) from my offspring    He answered    But My Promise is not within the reach of evil-doers.  ",Ibraham,test,pass,leader,,,"['Ibraham','test','pass','leader']"
125,1,2,Al-Baqara,125,"Remember We made the House a place of assembly for men and a place of safety; and take ye the station of Abraham as a place of prayer; and We covenanted with Abraham and Isma'il, that they should sanctify My House for those who compass it round, or use it as a retreat, or bow, or prostrate themselves (therein in prayer).",Kaaba,piece,tawaf,itikaf,,,"['Kaaba','piece','tawaf','itikaf']"
126,1,2,Al-Baqara,126,"And remember Abraham said    My Lord, make this a City of Peace, and feed its people with fruits,-such of them as believe in Allah and the Last Day.   He said    (Yea), and such as reject Faith,-for a while will I grant them their pleasure, but will soon drive them to the torment of Fire,- an evil destination (indeed)   ",Abraham,city of peace,fruit,last day,,,"['Abraham','city of peace','fruit','last day']"
127,1,2,Al-Baqara,127,"And remember Abraham and Isma'il raised the foundations of the House (With this prayer)    Our Lord  Accept (this service) from us  For Thou art the All-Hearing, the All-knowing.",Abraham,Ismail,foundation,Kaba,,,"['Abraham','Ismail','foundation','Kaba']"
128,1,2,Al-Baqara,128,"  Our Lord  make of us Muslims, bowing to Thy (Will), and of our progeny a people Muslim, bowing to Thy (will) and show us our place for worship of (due) rites and turn unto us (in Mercy); for Thou art the Oft-Returning, Most Merciful.",obedient,progeny,,,,,"['obedient','progeny']"
129,1,2,Al-Baqara,129,"  Our Lord  send amongst them a Messenger of their own, who shall rehearse Thy Signs to them and instruct them in scripture and wisdom, and sanctify them  For Thou art the Exalted in Might, the Wise.  ",messenger,sanctify,wise,,,,"['messenger','sanctify','wise']"
130,1,2,Al-Baqara,130,And who turns away from the religion of Abraham but such as debase their souls with folly? Him We chose and rendered pure in this world  And he will be in the Hereafter in the ranks of the Righteous.,folly,soul,,,,,"['folly','soul']"
131,1,2,Al-Baqara,131,Behold  his Lord said to him    Bow (thy will to Me)    He said    I bow (my will) to the Lord and Cherisher of the Universe.  ,lord,bow,,,,,"['lord','bow']"
132,1,2,Al-Baqara,132,"And this was the legacy that Abraham left to his sons, and so did Jacob   Oh my sons  Allah hath chosen the Faith for you; then die not except in the Faith of Islam.  ",Abraham,sons,religion islam,,,,"['Abraham','sons','religion islam']"
133,1,2,Al-Baqara,133,"Were ye witnesses when death appeared before Jacob? Behold, he said to his sons    What will ye worship after me?   They said    We shall worship Thy god and the god of thy fathers, of Abraham, Isma'il and Isaac,- the one (True) Allah  To Him we bow (in Islam).  ",jacob,worship,,,,,"['jacob','worship']"
134,1,2,Al-Baqara,134,"That was a people that hath passed away. They shall reap the fruit of what they did, and ye of what ye do  Of their merits there is no question in your case ",fruit of deeds,,,,,,['fruit of deeds']
135,1,2,Al-Baqara,135,"They say    Become Jews or Christians if ye would be guided (To salvation).   Say thou    Nay  (I would rather) the Religion of Abraham the True, and he joined not gods with Allah.  ",Jews,Christians,oneness,God,,,"['Jews','Christians','oneness','God']"
136,1,2,Al-Baqara,136,"Say ye    We believe in Allah, and the revelation given to us, and to Abraham, Isma'il, Isaac, Jacob, and the Tribes, and that given to Moses and Jesus, and that given to (all) prophets from their Lord  We make no difference between one and another of them  And we bow to Allah (in Islam).  ",believe in Allah,revelation,,,,,"['believe in Allah','revelation']"
137,1,2,Al-Baqara,137,"So if they believe as ye believe, they are indeed on the right path; but if they turn back, it is they who are in schism; but Allah will suffice thee as against them, and He is the All-Hearing, the All-Knowing.",believe,right path,all hearing,all knowing,,,"['believe','right path','all hearing','all knowing']"
138,1,2,Al-Baqara,138,(Our religion is) the Baptism of Allah  And who can baptize better than Allah? And it is He Whom we worship.,baptism of Allah,,,,,,['baptism of Allah']
139,1,2,Al-Baqara,139,"Say  Will ye dispute with us about Allah, seeing that He is our Lord and your Lord; that we are responsible for our doings and ye for yours; and that We are sincere (in our faith) in Him?",common lord,dispute,,,,,"['common lord','dispute']"
140,1,2,Al-Baqara,140,"Or do ye say that Abraham, Isma'il Isaac, Jacob and the Tribes were Jews or Christians? Say  Do ye know better than Allah? Ah  who is more unjust than those who conceal the testimony they have from Allah? but Allah is not unmindful of what ye do ",Allah knows better,,,,,,['Allah knows better']
141,1,2,Al-Baqara,141,"That was a people that hath passed away. They shall reap the fruit of what they did, and ye of what ye do  Of their merits there is no question in your case ",reap fruit,merits,,,,,"['reap fruit','merits']"
142,2,2,Al-Baqara,142,The fools among the people will say    What hath turned them from the Qibla to which they were used?   Say  To Allah belong both east and West  He guideth whom He will to a Way that is straight.,fools, turn,Qibla,,,,"['fools',' turn','Qibla']"
143,2,2,Al-Baqara,143,"Thus, have We made of you an Ummat justly balanced, that ye might be witnesses over the nations, and the Messenger a witness over yourselves; and We appointed the Qibla to which thou wast used, only to test those who followed the Messenger from those who would turn on their heels (From the Faith). Indeed it was (A change) momentous, except to those guided by Allah. And never would Allah Make your faith of no effect. For Allah is to all people Most surely full of kindness, Most Merciful.",ummat,witness,merciful,,,,"['ummat','witness','merciful']"
144,2,2,Al-Baqara,144,"We see the turning of thy face (for guidance to the heavens  now Shall We turn thee to a Qibla that shall please thee. Turn then Thy face in the direction of the sacred Mosque  Wherever ye are, turn your faces in that direction. The people of the Book know well that that is the truth from their Lord. Nor is Allah unmindful of what they do.",turned face,direction ,sacred mosque,,,,"['turned face','direction ','sacred mosque']"
145,2,2,Al-Baqara,145,"Even if thou wert to bring to the people of the Book all the Signs (together), they would not follow Thy Qibla; nor art thou going to follow their Qibla; nor indeed will they follow each other's Qibla. If thou after the knowledge hath reached thee, Wert to follow their (vain) desires,-then wert thou Indeed (clearly) in the wrong.",people of book,follow qibla,,,,,"['people of book','follow qibla']"
146,2,2,Al-Baqara,146,The people of the Book know this as they know their own sons; but some of them conceal the truth which they themselves know.,people of book,feel Muhammad, conceal truth,,,,"['people of book','feel Muhammad',' conceal truth']"
147,2,2,Al-Baqara,147,The Truth is from thy Lord; so be not at all in doubt.,trust,lord,doubt,,,,"['trust','lord','doubt']"
148,2,2,Al-Baqara,148,"To each is a goal to which Allah turns him; then strive together (as in a race) Towards all that is good. Wheresoever ye are, Allah will bring you Together. For Allah Hath power over all things.",leed goodness,Allah has power,,,,,"['leed goodness','Allah has power']"
149,2,2,Al-Baqara,149,"From whencesoever Thou startest forth, turn Thy face in the direction of the sacred Mosque; that is indeed the truth from the Lord. And Allah is not unmindful of what ye do.",turn face ,sacred Mosque,,,,,"['turn face ','sacred Mosque']"
150,2,2,Al-Baqara,150,"So from whencesoever Thou startest forth, turn Thy face in the direction of the sacred Mosque and wheresoever ye are, Turn your face thither  that there be no ground of dispute against you among the people, except those of them that are bent on wickedness; so fear them not, but fear Me; and that I may complete My favours on you, and ye May (consent to) be guided;",turn face,sacred Mosque,favour,,,,"['turn face','sacred Mosque','favour']"
151,2,2,Al-Baqara,151,"A similar (favour have ye already received) in that We have sent among you a Messenger of your own, rehearsing to you Our Signs, and sanctifying you, and instructing you in Scripture and Wisdom, and in new knowledge.",messenger,favour,scripture,wisdom,knowledge,,"['messenger','favour','scripture','wisdom','knowledge']"
152,2,2,Al-Baqara,152,"So remember , I will remember you. And be grateful to and do not be ungrateful to me",remember me,be greatful,,,,,"['remember me','be greatful']"
153,2,2,Al-Baqara,153,O ye who believe  seek help with patient perseverance and prayer for Allah is with those who patiently persevere.,help,patient,prayer,persever,,,"['help','patient','prayer','persever']"
154,2,2,Al-Baqara,154,"And say not of those who are slain in the way of Allah    They are dead.   Nay, they are living, though ye perceive (it) not.",martyr,live,,,,,"['martyr','live']"
155,2,2,Al-Baqara,155,"Be sure we shall test you with something of fear and hunger, some loss in goods or lives or the fruits (of your toil), but give glad tidings to those who patiently persevere",test you,fear,hunger,patient,persevere,,"['test you','fear','hunger','patient','persevere']"
156,2,2,Al-Baqara,156,"Who say, when afflicted with calamity    To Allah We belong, and to Him is our return   -",afflict,calamity,Allah we belong,,,,"['afflict','calamity','Allah we belong']"
157,2,2,Al-Baqara,157,"They are those on whom (Descend) blessings from Allah, and Mercy, and they are the ones that receive guidance.",blessing,Allah,Mercy,,,,"['blessing','Allah','Mercy']"
158,2,2,Al-Baqara,158,"Indeed, the safa and the marwa  are symbols of Allah. So whoever performs or , there is no blame on him for walking between them. And whoever does good voluntarily, then indeed, Allah is All-Appreciative, AllKnowing",safa,marva,haj,circumambulation,,umrah,"['safa','marva','haj','circumambulation']"
159,2,2,Al-Baqara,159,"Those who conceal the clear (Signs) We have sent down, and the Guidance, after We have made it clear for the people in the Book,-on them shall be Allah's curse, and the curse of those entitled to curse,-",conceal orders,Allah curse,,,,,"['conceal orders','Allah curse']"
160,2,2,Al-Baqara,160,"Except those who repent and make amends and openly declare (the Truth)  To them I turn; for I am Oft-returning, Most Merciful.",repent ,Merciful,,,,,"['repent ','Merciful']"
161,2,2,Al-Baqara,161,"Those who reject Faith, and die rejecting,- on them is Allah's curse, and the curse of angels, and of all mankind",un believer ,Allah curse ,angels ,mankind,,,"['un believer ','Allah curse ','angels ','mankind']"
162,2,2,Al-Baqara,162,"They will abide therein  Their penalty will not be lightened, nor will respite be their (lot).",abide,respite,,,,,"['abide','respite']"
163,2,2,Al-Baqara,163,"And your Allah is One Allah  There is no god but He, Most Gracious, Most Merciful.",oneness of  Allah,gracious,merciful,,,,"['oneness of  Allah','gracious','merciful']"
164,2,2,Al-Baqara,164,"Behold  in the creation of the heavens and the earth in the alternation of the night and the day in the sailing of the ships through the ocean for the profit of mankind  in the rain which Allah Sends down from the skies, and the life which He gives therewith to an earth that is dead; in the beasts of all kinds that He scatters through the earth; in the change of the winds, and the clouds which they Trail like their slaves between the sky and the earth;- (Here) indeed are Signs for a people that are wise.",heaven,earth,day,night,ship,ocean,"['heaven','earth','day','night','ship','ocean']"
165,2,2,Al-Baqara,165,"Yet there are men who take (for worship) others besides Allah, as equal (with Allah)  They love them as they should love Allah. But those of Faith are overflowing in their love for Allah. If only the unrighteous could see, behold, they would see the penalty  that to Allah belongs all power, and Allah will strongly enforce the penalty.",worship beside Allah,penalty,power belong to Allah,,,,"['worship beside Allah','penalty','power belong to Allah']"
166,2,2,Al-Baqara,166,"Then would those who are followed clear themselves of those who follow (them)  They would see the penalty, and all relations between them would be cut off.",panelty,relation,cut off,,,,"['panelty','relation','cut off']"
167,2,2,Al-Baqara,167,"And those who followed would say    If only We had one more chance, We would clear ourselves of them, as they have cleared themselves of us.   Thus will Allah show them (The fruits of) their deeds as (nothing but) regrets. Nor will there be a way for them out of the Fire.",idol worshipper,un follow,chance,,,,"['idol worshipper','un follow','chance']"
168,2,2,Al-Baqara,168,"O ye people  Eat of what is on earth, Lawful and good; and do not follow the footsteps of the evil one, for he is to you an avowed enemy.",eat permissible,foot steps,evil,enemy,,,"['eat permissible','foot steps','evil','enemy']"
169,2,2,Al-Baqara,169,"For he commands you what is evil and shameful, and that ye should say of Allah that of which ye have no knowledge.",evil,shameful,misguide,,,,"['evil','shameful','misguide']"
170,2,2,Al-Baqara,170,When it is said to them    Follow what Allah hath revealed    They say    Nay  we shall follow the ways of our fathers.   What  even though their fathers Were void of wisdom and guidance?,follow Aallah,way of fathers,,,,,"['follow Aallah','way of fathers']"
171,2,2,Al-Baqara,171,"The parable of those who reject Faith is as if one were to shout Like a goat-herd, to things that listen to nothing but calls and cries  Deaf, dumb, and blind, they are void of wisdom.",not believer,shout,deaf,blind,dumb,,"['not believer','shout','deaf','blind','dumb']"
172,2,2,Al-Baqara,172,"O ye who believe  Eat of the good things that We have provided for you, and be grateful to Allah, if it is Him ye worship.",good things, grateful to Allah,,,,,"['good things',' grateful to Allah']"
173,2,2,Al-Baqara,173,"He hath only forbidden you dead meat, and blood, and the flesh of swine, and that on which any other name hath been invoked besides that of Allah. But if one is forced by n   ecessity, without wilful disobedience, nor transgressing due limits,- then is he guiltless. For Allah is Oft-forgiving Most Merciful.",forbidden,dead meat,blood,flesh of swine, obedient,transgress,"['forbidden','dead meat','blood','flesh of swine',' obedient','transgress']"
174,2,2,Al-Baqara,174,"Those who conceal Allah's revelations in the Book, and purchase for them a miserable profit,- they swallow into themselves naught but Fire; Allah will not address them on the Day of Resurrection. Nor purify them  Grievous will be their penalty.",conceal revelation, fire,,,,,"['conceal revelation',' fire']"
175,2,2,Al-Baqara,175,They are the ones who buy Error in place of Guidance and Torment in place of Forgiveness. Ah  what boldness (They show) for the Fire ,error,guidence,torment,bear,,,"['error','guidence','torment','bear']"
176,2,2,Al-Baqara,176,(Their doom is) because Allah sent down the Book in truth but those who seek causes of dispute in the Book are in a schism Far (from the purpose).,holy book,dispute,schism,,,,"['holy book','dispute','schism']"
177,2,2,Al-Baqara,177,"It is not righteousness that ye turn your faces Towards east or West; but it is righteousness- to believe in Allah and the Last Day, and the Angels, and the Book, and the Messengers; to spend of your substance, out of love for Him, for your kin, for orphans, for the needy, for the wayfarer, for those who ask, and for the ransom of slaves; to be steadfast in prayer, and practice regular charity; to fulfil the contracts which ye have made; and to be firm and patient, in pain (or suffering) and adversity, and throughout all periods of panic. Such are the people of truth, the Allah-fearing.",righteousness,ransom,slaves,suffering,hardship,periods of panic,"['righteousness','ransom','slaves','suffering','hardship','periods of panic']"
178,2,2,Al-Baqara,178,"O ye who believe  the law of equality is prescribed to you in cases of murder  the free for the free, the slave for the slave, the woman for the woman. But if any remission is made by the brother of the slain, then grant any reasonable demand, and compensate him with handsome gratitude, this is a concession and a Mercy from your Lord. After this whoever exceeds the limits shall be in grave penalty.",law of equality,retribution,murder,slave,woman,,"['law of equality','retribution','murder','slave','woman']"
179,2,2,Al-Baqara,179,"In the Law of Equality there is (saving of) Life to you, o ye men of understanding; that ye may restrain yourselves.",law of equality,save yourself,,,,,"['law of equality','save yourself']"
180,2,2,Al-Baqara,180,"It is prescribed, when death approaches any of you, if he leave any goods that he make a bequest to parents and next of kin, according to reasonable usage; this is due from the Allah-fearing.",death,bequest,goods distribution,,,,"['death','bequest','goods distribution']"
181,2,2,Al-Baqara,181,"If anyone changes the bequest after hearing it, the guilt shall be on those who make the change. For Allah hears and knows (All things).",changes bequest,guilty,Allah knows,,,,"['changes bequest','guilty','Allah knows']"
182,2,2,Al-Baqara,182,"But if anyone fears partiality or wrong doing on the part of the testator, and makes peace between (The parties concerned), there is no wrong in him  For Allah is Oft forgiving, Most Merciful.",partiality,wrong doing,merciful,,,,"['partiality','wrong doing','merciful']"
183,2,2,Al-Baqara,183,"O ye who believe  Fasting is prescribed to you as it was prescribed to those before you, that ye may (learn) self restraint",fast,compulsory,self restraint,,,,"['fast','compulsory','self restraint']"
184,2,2,Al-Baqara,184,"(Fasting) for a fixed number of days; but if any of you is ill, or on a journey, the prescribed number (Should be made up) from days later. For those who can do it (With hardship), is a ransom, the feeding of one that is indigent. But he that will give more, of his own free will,- it is better for him. And it is better for you that ye fast, if ye only knew.",fast,ill,journey,,,,"['fast','ill','journey']"
185,2,2,Al-Baqara,185,"Ramadhan is the (month) in which was sent down the Qur'an, as a guide to mankind, also clear (Signs) for guidance and judgment (Between right and wrong). So every one of you who is present (at his home) during that month should spend it in fasting, but if any one is ill, or on a journey, the prescribed period (Should be made up) by days later. Allah intends every facility for you; He does not want to put to difficulties. (He wants you) to complete the prescribed period, and to glorify Him in that He has guided you; and perchance ye shall be grateful.",ramadhan,Quran,guidance,judgment,glorify,,"['ramadhan','Quran','guidance','judgment','glorify']"
186,2,2,Al-Baqara,186,"When My servants ask thee concerning Me, I am indeed close (to them)  I listen to the prayer of every suppliant when he calleth on Me  Let them also, with a will, Listen to My call, and believe in Me  That they may walk in the right way.",I am close,prayer,believe,right way,,,"['I am close','prayer','believe','right way']"
187,2,2,Al-Baqara,187,"Permitted to you, on the night of the fasts, is the approach to your wives. They are your garments and ye are their garments. Allah knoweth what ye used to do secretly among yourselves; but He turned to you and forgave you; so now associate with them, and seek what Allah Hath ordained for you, and eat and drink, until the white thread of dawn appear to you distinct from its black thread; then complete your fast Till the night appears; but do not associate with your wives while ye are in retreat in the mosques. Those are Limits (set by) Allah  Approach not nigh thereto. Thus doth Allah make clear His Signs to men  that they may learn self-restraint.",fast,approatch wife,garments,limits,Allah,,"['fast','approatch wife','garments','limits','Allah']"
188,2,2,Al-Baqara,188,"And do not eat up your property among yourselves for vanities, nor use it as bait for the judges, with intent that ye may eat up wrongfully and knowingly a little of (other) people's property.",property,vanities,,,,,"['property','vanities']"
189,2,2,Al-Baqara,189,"They ask thee concerning the New Moons. Say  They are but signs to mark fixed periods of time in (the affairs of) men, and for Pilgrimage. It is no virtue if ye enter your houses from the back  It is virtue if ye fear Allah. Enter houses through the proper doors  And fear Allah  That ye may prosper.", moon,time,pilgrimage,,,,"[' moon','time','pilgrimage']"
190,2,2,Al-Baqara,190,"Fight in the cause of Allah those who fight you, but do not transgress limits for Allah loveth not transgressors.",fight,Allah,transgress,,,,"['fight','Allah','transgress']"
191,2,2,Al-Baqara,191,"And slay them wherever ye catch them, and turn them out from where they have Turned you out  for tumult and oppression are worse than slaughter; but fight them not at the Sacred Mosque, unless they (first) fight you there; but if they fight you, slay them. Such is the reward of those who suppress faith.",slay,sacred mosque,faith,fight,,,"['slay','sacred mosque','faith','fight']"
192,2,2,Al-Baqara,192,"But if they cease, Allah is Oft-forgiving, Most Merciful.",Allah,merciful,forgiving,cease,,,"['Allah','merciful','forgiving','cease']"
193,2,2,Al-Baqara,193,"And fight them on until there is no more Tumult or oppression, and there prevail justice and faith in Allah but if they cease, Let there be no hostility except to those who practise oppression.",fight,tumult,oppression,justice,,,"['fight','tumult','oppression','justice']"
194,2,2,Al-Baqara,194,"The prohibited month for the prohibited month, and so for all things prohibited, there is the law of equality. If then any one transgresses the prohibition against you, Transgress ye likewise against him. But fear Allah, and know that Allah is with those who restrain themselves.",prohibited months,law of equality,,,,,"['prohibited months','law of equality']"
195,2,2,Al-Baqara,195,"And spend of your substance in the cause of Allah, and make not your own hands contribute to (your) destruction but do good for Allah loveth those who do good.",cause of Allah,spend,substance,do good,,,"['cause of Allah','spend','substance','do good']"
196,2,2,Al-Baqara,196,"And complete the Hajj or umra in the service of Allah. But if ye are prevented (From completing it), send an offering for sacrifice, such as ye may find, and do not shave your heads until the offering reaches the place of sacrifice. And if any of you is ill, or has an ailment in his scalp, (Necessitating shaving), (He should) in compensation either fast, or feed the poor, or offer sacrifice; and when ye are in peaceful conditions (again), if any one wishes to continue the 'umra on to the hajj, He must make an offering, such as he can afford, but if he cannot afford it, He should fast three days during the hajj and seven days on his return, Making ten days in all. This is for those whose household is not in (the precincts of) the Sacred Mosque. And fear Allah, and know that Allah Is strict in punishment.",hajj,umra,animal,destination,sacrifies,,"['hajj','umra','animal','destination','sacrifies']"
197,2,2,Al-Baqara,197,"For Hajj are the months well known. If any one undertakes that duty therein, Let there be no obscenity, nor wickedness, nor wrangling in the Hajj. And whatever good ye do, (be sure) Allah knoweth it. And take a provision (With you) for the journey, but the best of provisions is right conduct. So fear Me, o ye that are wise.",perform hajj,obscenity,wickedne,,,,"['perform hajj','obscenity','wickedne']"
198,2,2,Al-Baqara,198,"It is no crime in you if ye seek of the bounty of your Lord (during pilgrimage). Then when ye pour down from (Mount) Arafat, celebrate the praises of Allah at the Sacred Monument, and celebrate His praises as He has directed you, even though, before this, ye went astray.",Arafat,celebrate,praise,Muzdalfa,,,"['Arafat','celebrate','praise','Muzdalfa']"
199,2,2,Al-Baqara,199,"Then pass on at a quick pace from the place whence it is usual for the multitude so to do, and ask for Allah's forgiveness. For Allah is Oft-forgiving, Most Merciful.",forgive,merciful,,,,,"['forgive','merciful']"
200,2,2,Al-Baqara,200,"So when ye have accomplished your holy rites, celebrate the praises of Allah, as ye used to celebrate the praises of your fathers, yea, with far more Heart and soul. There are men who say    Our Lord  Give us (Thy bounties) in this world    but they will have no portion in the Hereafter.",holy rites,Hajj,praises of Allah,,,,"['holy rites','Hajj','praises of Allah']"
201,2,2,Al-Baqara,201,"And there are men who say    Our Lord  Give us good in this world and good in the Hereafter, and defend us from the torment of the Fire   ",good  world,fire,torment,hereafter,,,"['good  world','fire','torment','hereafter']"
202,2,2,Al-Baqara,202,To these will be allotted what they have earned; and Allah is quick in account.,alloted ,earned,quick,account,,,"['alloted ','earned','quick','account']"
203,2,2,Al-Baqara,203,"Celebrate the praises of Allah during the Appointed Days. But if any one hastens to leave in two days, there is no blame on him, and if any one stays on, there is no blame on him, if his aim is to do right. Then fear Allah, and know that ye will surely be gathered unto Him.",Allah,praises,appointed day,,,,"['Allah','praises','appointed day']"
204,2,2,Al-Baqara,204,"There is the type of man whose speech about this world's life May dazzle thee, and he calls Allah to witness about what is in his heart; yet is he the most contentious of enemies.", contentious,,,,,,[' contentious']
205,2,2,Al-Baqara,205,"When he turns his back, His aim everywhere is to spread mischief through the earth and destroy crops and cattle. But Allah loveth not mischief.",mischief,crops,cattle,,,,"['mischief','crops','cattle']"
206,2,2,Al-Baqara,206,"When it is said to him,   Fear Allah  ,his (false) pride drives him to sins. Enough for him is Hell An evil bed indeed (To lie on) ",pride,hell,fear,sin,,,"['pride','hell','fear','sin']"
207,2,2,Al-Baqara,207,And there is the type of man who gives his life to earn the pleasure of Allah  And Allah is full of kindness to (His) devotees.,pleasure of Allah,,,,,,['pleasure of Allah']
208,2,2,Al-Baqara,208,O ye who believe  Enter into Islam whole-heartedly and follow not the footsteps of the evil one for he is to you an avowed enemy.,adopt islam,foot steps of  evil,,,,,"['adopt islam','foot steps of  evil']"
209,2,2,Al-Baqara,209,"If ye backslide after the clear (Signs) have come to you, then know that Allah is Exalted in Power, Wise.",backslide,clear signs,Allah powerful,wise,,,"['backslide','clear signs','Allah powerful','wise']"
210,2,2,Al-Baqara,210,"Will they wait until Allah comes to them in canopies of clouds, with angels (in His train) and the question is (thus) settled? but to Allah do all questions go back (for decision).",wait for torment,,,,,,['wait for torment']
211,2,2,Al-Baqara,211,"Ask the Children of Israel how many clear (Signs) We have sent them. But if any one, after Allah's favour has come to him, substitutes (something else), Allah is strict in punishment.",punishhment,children of Israel,clear sign,strict,,,"['punishhment','children of Israel','clear sign','strict']"
212,2,2,Al-Baqara,212,"The life of this world is alluring to those who reject faith, and they scoff at those who believe. But the righteous will be above them on the Day of Resurrection for Allah bestows His abundance without measure on whom He will.",alluring,faith,righteous,day of judgement,,,"['alluring','faith','righteous','day of judgement']"
213,2,2,Al-Baqara,213,"Mankind was one single nation, and Allah sent Messengers with glad tidings and warnings and with them He sent the Book in truth, to judge between people in matters wherein they differed; but the People of the Book, after the clear Signs came to them, did not differ among themselves, except through selfish contumacy. Allah by His Grace Guided the believers to the Truth, concerning that wherein they differed. For Allah guided whom He will to a path that is straight.",one religion,Messenger,book,judge,Allah guide,,"['one religion','Messenger','book','judge','Allah guide']"
214,2,2,Al-Baqara,214,"Or do ye think that ye shall enter the Garden (of bliss) without such (trials) as came to those who passed away before you? they encountered suffering and adversity, and were so shaken in spirit that even the Messenger and those of faith who were with him cried    When (will come) the help of Allah?   Ah  Verily, the help of Allah is (always) near ",heaven,trials,God's help,,,,"['heaven','trials','God's help']"
215,2,2,Al-Baqara,215,"They ask thee what they should spend (In charity). Say  Whatever ye spend that is good, is for parents and kindred and orphans and those in want and for wayfarers. And whatever ye do that is good, -Allah knoweth it well.",charity,parents,kindres,orphans,Allah knoweth,,"['charity','parents','kindres','orphans','Allah knoweth']"
216,2,2,Al-Baqara,216,"Fighting is prescribed for you, and ye dislike it. But it is possible that ye dislike a thing which is good for you, and that ye love a thing which is bad for you. But Allah knoweth, and ye know not.",fight,like,dislike,Allah knoweth,,,"['fight','like','dislike','Allah knoweth']"
217,2,2,Al-Baqara,217,"They ask thee concerning fighting in the Prohibited Month. Say    Fighting therein is a grave (offence) but graver is it in the sight of Allah to prevent access to the path of Allah, to deny Him, to prevent access to the Sacred Mosque, and drive out its members.   Tumult and oppression are worse than slaughter. Nor will they cease fighting you until they turn you back from your faith if they can. And if any of you Turn back from their faith and die in unbelief, their works will bear no fruit in this life and in the Hereafter; they will be companions of the Fire and will abide therein.",sacred mosque,operession,fruit,prohibited months,,hereafter,"['sacred mosque','operession','fruit','prohibited months']"
218,2,2,Al-Baqara,218,"Those who believed and those who suffered exile and fought (and strove and struggled) in the path of Allah, they have the hope of the Mercy of Allah  And Allah is Oft forgiving, Most Merciful.",believer,path of Allah,successful,,,,"['believer','path of Allah','successful']"
219,2,2,Al-Baqara,219,"They ask thee concerning wine and gambling. Say    In them is great sin, and some profit, for men; but the sin is greater than the profit.   They ask thee how much they are to spend; Say    What is beyond your needs.   Thus doth Allah Make clear to you His Signs  In order that ye may consider-",gambling,wine,loss,spend,more than need,,"['gambling','wine','loss','spend','more than need']"
220,2,2,Al-Baqara,220,"(Their bearings) on this life and the Hereafter. They ask thee concerning orphans. Say    The best thing to do is what is for their good; if ye mix their affairs with yours, they are your brethren; but Allah knows the man who means mischief from the man who means good. And if Allah had wished, He could have put you into difficulties  He is indeed Exalted in Power, Wise.  ",orphans,do good,exalted power,,,,"['orphans','do good','exalted power']"
221,2,2,Al-Baqara,221,"Do not marry unbelieving women (idolaters), until they believe  A slave woman who believes is better than an unbelieving woman, even though she allures you. Nor marry (your girls) to unbelievers until they believe  A man slave who believes is better than an unbeliever, even though he allures you. Unbelievers do (but) beckon you to the Fire. But Allah beckons by His Grace to the Garden (of bliss) and forgiveness, and makes His Signs clear to mankind  That they may celebrate His praise.",marry,idolaters,slave,,,,"['marry','idolaters','slave']"
222,2,2,Al-Baqara,222,"They ask thee concerning women's courses. Say  They are a hurt and a pollution  So keep away from women in their courses, and do not approach them until they are clean. But when they have purified themselves, ye may approach them in any manner, time, or place ordained for you by Allah. For Allah loves those who turn to Him constantly and He loves those who keep themselves pure and clean.",women courses,,,,,,['women courses']
223,2,2,Al-Baqara,223,"Your wives are as a tilth unto you; so approach your tilth when or how ye will but do some good act for your souls beforehand and fear Allah. And know that ye are to meet Him (in the Hereafter), and give (these) good tidings to those who believe.",tilth onto you,fear Allah,good news for believers,,,,"['tilth onto you','fear Allah','good news for believers']"
224,2,2,Al-Baqara,224,"And make not Allah's (name) an excuse in your oaths against doing good, or acting rightly, or making peace between persons for Allah is One Who heareth and knoweth all things.", excuse,oaths,,,,,"[' excuse','oaths']"
225,2,2,Al-Baqara,225,"Allah will not call you to account for thoughtlessness in your oaths, but for the intention in your hearts; and He is Oft-forgiving, Most Forbearing.",oath,forbearing,,,,,"['oath','forbearing']"
226,2,2,Al-Baqara,226,"For those who take an oath for abstention from their wives, a waiting for four months is ordained if then they return, Allah is Oft-forgiving, Most Merciful.",oath,waiting,return,,,,"['oath','waiting','return']"
227,2,2,Al-Baqara,227,"But if their intention is firm for divorce, Allah heareth and knoweth all things.",divorce,Allah knoweth,,,,,"['divorce','Allah knoweth']"
228,2,2,Al-Baqara,228,"Divorced women shall wait concerning themselves for three monthly periods. Nor is it lawful for them to hide what Allah Hath created in their wombs, if they have faith in Allah and the Last Day. And their husbands have the better right to take them back in that period, if they wish for reconciliation. And women shall have rights similar to the rights against them, according to what is equitable; but men have a degree (of advantage) over them. And Allah is Exalted in Power, Wise.",three periods,husband,degree,divorce,,,"['three periods','husband','degree','divorce']"
229,2,2,Al-Baqara,229,"A divorce is only permissible twice  after that, the parties should either hold Together on equitable terms, or separate with kindness. It is not lawful for you, (Men), to take back any of your gifts (from your wives), except when both parties fear that they would be unable to keep the limits ordained by Allah. If ye (judges) do indeed fear that they would be unable to keep the limits ordained by Allah, there is no blame on either of them if she give something for her freedom. These are the limits ordained by Allah; so do not transgress them if any do transgress the limits ordained by Allah, such persons wrong (Themselves as well as others).",divorce twice,hold together,separate,limits of God,,,"['divorce twice','hold together','separate','limits of God']"
230,2,2,Al-Baqara,230,"So if a husband divorces his wife (irrevocably), He cannot, after that, re-marry her until after she has married another husband and He has divorced her. In that case there is no blame on either of them if they re-unite, provided they feel that they can keep the limits ordained by Allah. Such are the limits ordained by Allah, which He makes plain to those who understand.",divorce,reunite,re-marry,halala,,,"['divorce','reunite','re-marry','halala']"
231,2,2,Al-Baqara,231,"When ye divorce women, and they fulfil the term of their (Iddat), either take them back on equitable terms or set them free on equitable terms; but do not take them back to injure them, (or) to take undue advantage; if any one does that; He wrongs his own soul. Do not treat Allah's Signs as a jest, but solemnly rehearse Allah's favours on you, and the fact that He sent down to you the Book and Wisdom, for your instruction. And fear Allah, and know that Allah is well acquainted with all things.",iddat,jest,injure,behave well,Allah knoweth,,"['iddat','jest','injure','behave well','Allah knoweth']"
232,2,2,Al-Baqara,232,"When ye divorce women, and they fulfil the term of their (Iddat), do not prevent them from marrying their (former) husbands, if they mutually agree on equitable terms. This instruction is for all amongst you, who believe in Allah and the Last Day. That is (the course Making for) most virtue and purity amongst you and Allah knows, and ye know not.",divorce woman,iddat,marry again,Allah knoweth,,,"['divorce woman','iddat','marry again','Allah knoweth']"
233,2,2,Al-Baqara,233,"The mothers shall give such to their offspring for two whole years, if the father desires to complete the term. But he shall bear the cost of their food and clothing on equitable terms. No soul shall have a burden laid on it greater than it can bear. No mother shall be Treated unfairly on account of her child. Nor father on account of his child, an heir shall be chargeable in the same way. If they both decide on weaning, by mutual consent, and after due consultation, there is no blame on them. If ye decide on a foster-mother for your offspring, there is no blame on you, provided ye pay (the mother) what ye offered, on equitable terms. But fear Allah and know that Allah sees well what ye do.",mother feed,two year,bear cost,,,,"['mother feed','two year','bear cost']"
234,2,2,Al-Baqara,234,"If any of you die and leave widows behind, they shall wait concerning themselves four months and ten days  When they have fulfilled their term, there is no blame on you if they dispose of themselves in a just and reasonable manner. And Allah is well acquainted with what ye do.",widow,iddat,Allah knows,,,,"['widow','iddat','Allah knows']"
235,2,2,Al-Baqara,235,"There is no blame on you if ye make an offer of betrothal or hold it in your hearts. Allah knows that ye cherish them in your hearts  But do not make a secret contract with them except in terms Honourable, nor resolve on the tie of marriage till the term prescribed is fulfilled. And know that Allah Knoweth what is in your hearts, and take heed of Him; and know that Allah is Oft-forgiving, Most Forbearing.",betrothal,Allah knoweth,forgiving,,,,"['betrothal','Allah knoweth','forgiving']"
236,2,2,Al-Baqara,236,"There is no blame on you if ye divorce women before consummation or the fixation of their dower  but bestow on them (A suitable gift), the wealthy according to his means, and the poor according to his means;- A gift of a reasonable amount is due from those who wish to do the right thing.",dower,pay,wealthy ,poor,,,"['dower','pay','wealthy ','poor']"
237,2,2,Al-Baqara,237,"And if ye divorce them before consummation, but after the fixation of a dower for them, then the half of the dower (Is due to them), unless they remit it or (the man's half) is remitted by him in whose hands is the marriage tie; and the remission (of the man's half) is the nearest to righteousness. And do not forget Liberality between yourselves. For Allah sees well all that ye do.",divorce,dower,Allah knows,,,,"['divorce','dower','Allah knows']"
238,2,2,Al-Baqara,238,"Guard strictly your (habit of) prayers, especially the Middle Prayer; and stand before Allah in a devout (frame of mind).",middle prayer,devout,,,,,"['middle prayer','devout']"
239,2,2,Al-Baqara,239,"If ye fear (an enemy), pray on foot, or riding, (as may be most convenient), but when ye are in security, celebrate Allah's praises in the manner He has taught you, which ye knew not (before).",prayer,praise Allah,,,,,"['prayer','praise Allah']"
240,2,2,Al-Baqara,240,"Those of you who die and leave widows should bequeath for their widows a year's maintenance and residence; but if they leave (The residence), there is no blame on you for what they do with themselves, provided it is reasonable. And Allah is Exalted in Power, Wise.",bequeth,widow,provision,exalted power,,,"['bequeth','widow','provision','exalted power']"
241,2,2,Al-Baqara,241,For divorced women Maintenance (should be provided) on a reasonable (scale). This is a duty on the righteous.,divorce,maintenance,duty,,,,"['divorce','maintenance','duty']"
242,2,2,Al-Baqara,242,Thus doth Allah Make clear His Signs to you  In order that ye may understand.,Allah order,understand,,,,,"['Allah order','understand']"
243,2,2,Al-Baqara,243,"Didst thou not Turn by vision to those who abandoned their homes, though they were thousands (In number), for fear of death? Allah said to them    Die    Then He restored them to life. For Allah is full of bounty to mankind, but Most of them are ungrateful.",fear of death,ungreatful,,,,,"['fear of death','ungreatful']"
244,2,2,Al-Baqara,244,"Then fight in the cause of Allah, and know that Allah Heareth and knoweth all things.",fight for Allah,Allah knoweth,heareth,,,,"['fight for Allah','Allah knoweth','heareth']"
245,2,2,Al-Baqara,245,"Who is he that will loan to Allah a beautiful loan, which Allah will double unto his credit and multiply many times? It is Allah that giveth (you) Want or plenty, and to Him shall be your return.",loan to Allah,multiple return,,,,,"['loan to Allah','multiple return']"
246,2,2,Al-Baqara,246,"Hast thou not Turned thy vision to the Chiefs of the Children of Israel after (the time of) Moses? they said to a prophet (That was) among them    Appoint for us a king, that we May fight in the cause of Allah.   He said    Is it not possible, if ye were commanded to fight, that that ye will not fight?   They said    How could we refuse to fight in the cause of Allah, seeing that we were turned out of our homes and our families?   but when they were commanded to fight, they turned back, except a small band among them. But Allah Has full knowledge of those who do wrong.",fight for Allah,king,turned back,Allah knoweth,,,"['fight for Allah','king','turned back','Allah knoweth']"
247,2,2,Al-Baqara,247,"Their Prophet said to them    Allah hath appointed Talut as king over you.   They said    How can he exercise authority over us when we are better fitted than he to exercise authority, and he is not even gifted, with wealth in abundance?   He said    Allah hath Chosen him above you, and hath gifted him abundantly with knowledge and bodily prowess  Allah Granteth His authority to whom He pleaseth. Allah careth for all, and He knoweth all things.  ",Talut,King,Allah knoweth,,,,"['Talut','King','Allah knoweth']"
248,2,2,Al-Baqara,248,"And (further) their Prophet said to them    A Sign of his authority is that there shall come to you the Ark of the covenant, with (an assurance) therein of security from your Lord, and the relics left by the family of Moses and the family of Aaron, carried by angels. In this is a symbol for you if ye indeed have faith.  ",ark,transquality,Moses,Aaron,,,"['ark','transquality','Moses','Aaron']"
249,2,2,Al-Baqara,249,"When Talut set forth with the armies, he said    Allah will test you at the stream  if any drinks of its water, He goes not with my army  Only those who taste not of it go with me  A mere sip out of the hand is excused.   but they all drank of it, except a few. When they crossed the river,- He and the faithful ones with him,- they said    This day We cannot cope with Goliath and his forces.   but those who were convinced that they must meet Allah, said    How oft, by Allah's will, Hath a small force vanquished a big one? Allah is with those who steadfastly persevere.  ",test ,stream,steadfastly,,,,"['test ','stream','steadfastly']"
250,2,2,Al-Baqara,250,"When they advanced to meet Goliath and his forces, they prayed    Our Lord  Pour out constancy on us and make our steps firm  Help us against those that reject faith.  ",pray,help,faith,,,,"['pray','help','faith']"
251,2,2,Al-Baqara,251,"By Allah's will they routed them; and David slew Goliath; and Allah gave him power and wisdom and taught him whatever (else) He willed. And did not Allah Check one set of people by means of another, the earth would indeed be full of mischief  But Allah is full of bounty to all the worlds.",David,slew,Goliath,,,,"['David','slew','Goliath']"
252,2,2,Al-Baqara,252,These are the Signs of Allah  we rehearse them to thee in truth  verily Thou art one of the messengers.,signs of Allah,Muhammad ,messenger,,,,"['signs of Allah','Muhammad ','messenger']"
253,2,2,Al-Baqara,253,"Those messengers We endowed with gifts, some above others  To one of them Allah spoke; others He raised to degrees (of honour); to Jesus the son of Mary We gave clear (Signs), and strengthened him with the holy spirit. If Allah had so willed, succeeding generations would not have fought among each other, after clear (Signs) had come to them, but they (chose) to wrangle, some believing and others rejecting. If Allah had so willed, they would not have fought each other; but Allah Fulfilleth His plan.",Messenger,holy spirit,Jesus,'honour,,,"['Messenger','holy spirit','Jesus',''honour']"
254,2,2,Al-Baqara,254,"O ye who believe  Spend out of (the bounties) We have provided for you, before the Day comes when no bargaining (Will avail), nor friendship nor intercession. Those who reject Faith they are the wrong-doers.",spend out,friendship,,,,,"['spend out','friendship']"
255,2,2,Al-Baqara,255,"Allah  There is no god but He,-the Living, the Self-subsisting, Eternal. No slumber can seize Him nor sleep. His are all things in the heavens and on earth. Who is there can intercede in His presence except as He permitteth? He knoweth what (appeareth to His creatures as) before or after or behind them. Nor shall they compass aught of His knowledge except as He willeth. His Throne doth extend over the heavens and the earth, and He feeleth no fatigue in guarding and preserving them for He is the Most High, the Supreme (in glory).",Allah is one ,ever living,self subsisting,slumber,not tries,,"['Allah is one ','ever living','self subsisting','slumber','not tries']"
256,2,2,Al-Baqara,256,"Let there be no compulsion in religion  Truth stands out clear from Error  whoever rejects evil and believes in Allah hath grasped the most trustworthy hand-hold, that never breaks. And Allah heareth and knoweth all things.",right,wrong,false deities,firm handhold,break,,"['right','wrong','false deities','firm handhold','break']"
257,2,2,Al-Baqara,257,"Allah is the Protector of those who have faith  from the depths of darkness He will lead them forth into light. Of those who reject faith the patrons are the evil ones  from light they will lead them forth into the depths of darkness. They will be companions of the fire, to dwell therein (For ever).",faith,darkness,light,,,,"['faith','darkness','light']"
258,2,2,Al-Baqara,258,"Hast thou not Turned thy vision to one who disputed with Abraham About his Lord, because Allah had granted him power? Abraham said    My Lord is He Who Giveth life and death.   He said    I give life and death  . Said Abraham    But it is Allah that causeth the sun to rise from the east  Do thou then cause him to rise from the West.   Thus was he confounded who (in arrogance) rejected faith. Nor doth Allah Give guidance to a people unjust.",dumbfound,Abraham,dispute,rise ,west,reject faith,"['dumbfound','Abraham','dispute','rise ','west','reject faith']"
259,2,2,Al-Baqara,259,"Or (take) the similitude of one who passed by a hamlet, all in ruins to its roofs. He said    Oh  how shall Allah bring it (ever) to life, after (this) its death?   but Allah caused him to die for a hundred years, then raised him up (again). He said    How long didst thou tarry (thus)?   He said  (Perhaps) a day or part of a day.   He said    Nay, thou hast tarried thus a hundred years; but look at thy food and thy drink; they show no signs of age; and look at thy donkey  And that We may make of thee a sign unto the people, Look further at the bones, how We bring them together and clothe them with flesh.   When this was shown clearly to him, he said    I know that Allah hath power over all things.  ",over turned,bring to life,change with time,raise ,,,"['over turned','bring to life','change with time','raise ']"
260,2,2,Al-Baqara,260,"When Abraham said    Show me, Lord, how You will raise the dead,    He replied    Have you no faith?   He said   Yes, but just to reassure my heart.   Allah said,   Take four birds, draw them to you, and cut their bodies to pieces. Scatter them over the mountain-tops, then call them back. They will come swiftly to you. Know that Allah is Mighty, Wise.  ",raise up,death ,reassure,four birds,pieces,call them,"['raise up','death ','reassure','four birds','pieces','call them']"
261,2,2,Al-Baqara,261,"The parable of those who spend their substance in the way of Allah is that of a grain of corn  it groweth seven ears, and each ear Hath a hundred grains. Allah giveth manifold increase to whom He pleaseth  And Allah careth for all and He knoweth all things.",grain,corn,spent,gain more,Allah knoweth,,"['grain','corn','spent','gain more','Allah knoweth']"
262,2,2,Al-Baqara,262,"Those who spend their substance in the cause of Allah, and follow not up their gifts with reminders of their generosity or with injury,-for them their reward is with their Lord  on them shall be no fear, nor shall they grieve.",spend substance,reward,fear,grieve,,,"['spend substance','reward','fear','grieve']"
263,2,2,Al-Baqara,263,"Kind words and the covering of faults are better than charity followed by injury. Allah is free of all wants, and He is Most-Forbearing.",kind words,covering faults ,charity,,,,"['kind words','covering faults ','charity']"
264,2,2,Al-Baqara,264,"O ye who believe  cancel not your charity by reminders of your generosity or by injury, like those who spend their substance to be seen of men, but believe neither in Allah nor in the Last Day. They are in parable like a hard, barren rock, on which is a little soil  on it falls heavy rain, which leaves it (Just) a bare stone. They will be able to do nothing with aught they have earned. And Allah guideth not those who reject faith.",charity,generosity,un believer,last day,no guidence,reject faith,"['charity','generosity','un believer','last day','no guidence','reject faith']"
265,2,2,Al-Baqara,265,"And the likeness of those who spend their substance, seeking to please Allah and to strengthen their souls, is as a garden, high and fertile  heavy rain falls on it but makes it yield a double increase of harvest, and if it receives not Heavy rain, light moisture sufficeth it. Allah seeth well whatever ye do.",spend substance,please Allah,like garden,,,,"['spend substance','please Allah','like garden']"
266,2,2,Al-Baqara,266,"Does any of you wish that he should have a garden with date-palms and vines and streams flowing underneath, and all kinds of fruit, while he is stricken with old age, and his children are not strong (enough to look after themselves)- that it should be caught in a whirlwind, with fire therein, and be burnt up? Thus doth Allah make clear to you (His) Signs; that ye may consider.",garden,date ,palm,vines,old age,wind ,"['garden','date ','palm','vines','old age','wind ']"
267,2,2,Al-Baqara,267,"O ye who believe  Give of the good things which ye have (honourably) earned, and of the fruits of the earth which We have produced for you, and do not even aim at getting anything which is bad, in order that out of it ye may give away something, when ye yourselves would not receive it except with closed eyes. And know that Allah is Free of all wants, and worthy of all praise.",spend things,given by Allah,,,,,"['spend things','given by Allah']"
268,2,2,Al-Baqara,268,The Evil one threatens you with poverty and bids you to conduct unseemly. Allah promiseth you His forgiveness and bounties. And Allah careth for all and He knoweth all things.,poverty,evil,threaten,Allah,forgive,bounty,"['poverty','evil','threaten','Allah','forgive','bounty']"
269,2,2,Al-Baqara,269,He granteth wisdom to whom He pleaseth; and he to whom wisdom is granted receiveth indeed a benefit overflowing; but none will grasp the Message but men of understanding.,wisdom,please Allah,,,,,"['wisdom','please Allah']"
270,2,2,Al-Baqara,270,"And whatever ye spend in charity or devotion, be sure Allah knows it all. But the wrong-doers have no helpers.",charity,Allah knoweth,,,,,"['charity','Allah knoweth']"
271,2,2,Al-Baqara,271,"If ye disclose (acts of) charity, even so it is well, but if ye conceal them, and make them reach those (really) in need, that is best for you  It will remove from you some of your (stains of) evil. And Allah is well acquainted with what ye do.",disclose,charity,conceal,remove sin,,,"['disclose','charity','conceal','remove sin']"
272,2,2,Al-Baqara,272,"It is not required of thee (O Messenger), to set them on the right path, but Allah sets on the right path whom He pleaseth. Whatever of good ye give benefits your own souls, and ye shall only do so seeking the   Face   of Allah. Whatever good ye give, shall be rendered back to you, and ye shall not Be dealt with unjustly.",o messenger,responsible,right path,,,,"['o messenger','responsible','right path']"
273,2,2,Al-Baqara,273,"(Charity is) for those in need, who, in Allah's cause are restricted (from travel), and cannot move about in the land, seeking (For trade or work)  the ignorant man thinks, because of their modesty, that they are free from want. Thou shalt know them by their (Unfailing) mark  They beg not importunately from all the sundry. And whatever of good ye give, be assured Allah knoweth it well.",wrapped up,move about,restraint,mark,importunity,charity,"['wrapped up','move about','restraint','mark','importunity','charity']"
274,2,2,Al-Baqara,274,"Those who (in charity) spend of their goods by night and by day, in secret and in public, have their reward with their Lord  on them shall be no fear, nor shall they grieve.",reward,charity,Lord,no fear,,,"['reward','charity','Lord','no fear']"
275,2,2,Al-Baqara,275,"Those who devour usury will not stand except as stand one whom the Evil one by his touch Hath driven to madness. That is because they say    Trade is like usury,   but Allah hath permitted trade and forbidden usury. Those who after receiving direction from their Lord, desist, shall be pardoned for the past; their case is for Allah (to judge); but those who repeat (The offence) are companions of the Fire  They will abide therein (for ever).",usury,evil,fire,live forever,,,"['usury','evil','fire','live forever']"
276,2,2,Al-Baqara,276,"Allah will deprive usury of all blessing, but will give increase for deeds of charity  For He loveth not creatures ungrateful and wicked.",deprive,usury,blessing,charity,,,"['deprive','usury','blessing','charity']"
277,2,2,Al-Baqara,277,"Those who believe, and do deeds of righteousness, and establish regular prayers and regular charity, will have their reward with their Lord  on them shall be no fear, nor shall they grieve.",reward of believer,believe,righteousness,prayer,charity,fear,"['reward of believer','believe','righteousness','prayer','charity','fear']"
278,2,2,Al-Baqara,278,"O ye who believe  Fear Allah, and give up what remains of your demand for usury, if ye are indeed believers.",fear Allah,believe,give up usur,,,,"['fear Allah','believe','give up usur']"
279,2,2,Al-Baqara,279,"If ye do it not, Take notice of war from Allah and His Messenger  But if ye turn back, ye shall have your capital sums  Deal not unjustly, and ye shall not be dealt with unjustly.",take notice,giveup usuar,war with Allah,Messenger,,,"['take notice','giveup usuar','war with Allah','Messenger']"
280,2,2,Al-Baqara,280,"If the debtor is in a difficulty, grant him time Till it is easy for him to repay. But if ye remit it by way of charity, that is best for you if ye only knew.",borrower,difficulty,grant time,charity borrow,,,"['borrower','difficulty','grant time','charity borrow']"
281,2,2,Al-Baqara,281,"And fear the Day when ye shall be brought back to Allah. Then shall every soul be paid what it earned, and none shall be dealt with unjustly.",fear,Day of Judgment,decision,unjustify,,,"['fear','Day of Judgment','decision','unjustify']"
282,2,2,Al-Baqara,282,"O ye who believe  When ye deal with each other, in transactions involving future obligations in a fixed period of time, reduce them to writing Let a scribe write down faithfully as between the parties  let not the scribe refuse to write  as Allah Has taught him, so let him write. Let him who incurs the liability dictate, but let him fear His Lord Allah, and not diminish aught of what he owes. If they party liable is mentally deficient, or weak, or unable Himself to dictate, Let his guardian dictate faithfully, and get two witnesses, out of your own men, and if there are not two men, then a man and two women, such as ye choose, for witnesses, so that if one of them errs, the other can remind her. The witnesses should not refuse when they are called on (For evidence). Disdain not to reduce to writing (your contract) for a future period, whether it be small or big  it is juster in the sight of Allah, More suitable as evidence, and more convenient to prevent doubts among yourselves but if it be a transaction which ye carry out on the spot among yourselves, there is no blame on you if ye reduce it not to writing. But take witness whenever ye make a commercial contract; and let neither scribe nor witness suffer harm. If ye do (such harm), it would be wickedness in you. So fear Allah; For it is Good that teaches you. And Allah is well acquainted with all things. If ye are on a journey, and cannot find a scribe, a pledge with possession (may serve the purpose). And if one of you deposits a thing on trust with another, let the trustee (faithfully) discharge his trust, and let him Fear his Lord conceal not evidence; for whoever conceals it, - his heart is tainted with sin. And Allah knoweth all that ye do.",document agrements,carefully document,,witness,fear Allah,Allah knoweth,"['document agrements','carefully document']"
283,2,2,Al-Baqara,283,"If ye are on a journey, and cannot find a scribe, a pledge with possession (may serve the purpose). And if one of you deposits a thing on trust with another, Let the trustee (Faithfully) discharge His trust, and let him fear his Lord. Conceal not evidence; for whoever conceals it,- His heart is tainted with sin. And Allah Knoweth all that ye do.",pledge,trust,,,,,"['pledge','trust']"
284,2,2,Al-Baqara,284,"To Allah belongeth all that is in the heavens and on earth. Whether ye show what is in your minds or conceal it, Allah Calleth you to account for it. He forgiveth whom He pleaseth, and punisheth whom He pleaseth, for Allah hath power over all things.",Allah belongeth all',heaven,earth,forgive,,,"['Allah belongeth all'','heaven','earth','forgive']"
285,2,2,Al-Baqara,285,"The Messenger believeth in what hath been revealed to him from his Lord, as do the men of faith. Each one (of them) believeth in Allah, His angels, His books, and His messengers.   We make no distinction (they say) between one and another of His messengers.   And they say    We hear, and we obey  (We seek) Thy forgiveness, our Lord, and to Thee is the end of all journeys.  ",Messenger,believe,faith,angels,books,forgiveness,"['Messenger','believe','faith','angels','books','forgiveness']"
286,2,2,Al-Baqara,286,"On no soul doth Allah Place a burden greater than it can bear. It gets every good that it earns, and it suffers every ill that it earns. (Pray )   Our Lord  Condemn us not if we forget or fall into error; our Lord  Lay not on us a burden Like that which Thou didst lay on those before us; Our Lord  Lay not on us a burden greater than we have strength to bear. Blot out our sins, and grant us forgiveness. Have mercy on us. Thou art our Protector; Help us against those who stand against faith.  ",capacity,burden,strength,earn,sin,forgiveness,"['capacity','burden','strength','earn','sin','forgiveness']"
